27/103,None
27/104,Leather Bandana
27/105,Sallet
27/106,Shinobi Hachigane
27/107,Iron Mask
27/108,Lizard Helm
27/109,Raptor Helm
27/110,Zunari Kabuto
27/111,Royal Squire's Helm
27/112,Royal Knight's Bascinet
27/113,Padded Cap
27/114,Bronze Cap
27/115,Bone Mask
27/116,Hachimaki
27/117,Wool Hat
27/118,Tactician Magician's Hat
27/119,Circlet
27/120,Headgear
27/121,Darksteel Armet
27/122,Red Cap
27/123,Green Beret
27/124,Iron Musketeer's Armet
27/125,Centurion's Visor
27/126,Gavial Mask
27/127,Faceguard
28/0,Mythril Sallet
28/1,Judge's Helm (GM)
28/2,Blue Ribbon
28/3,Purple Ribbon
28/4,Green Ribbon
28/5,Black Ribbon
28/6,Scarlet Ribbon
92/127,Fighter's Mask (WAR Artifact)
93/0,Temple Crown (MNK Artifact)
93/1,Healer's Cap (WHM Artifact)
93/2,Wizard's Petasos (BLM Artifact)
93/3,Warlock's Chapeau (RDM Artifact)
93/4,Rogue's Bonnet (THF Artifact)
95/87,Gallant Coronet (PLD Artifact)
95/88,Chaos Burgeonet (DRK Artifact)
95/89,Beast Helm (BST Artifact)
95/90,Choral Roundlet (BRD Artifact)
95/91,Hunter's Beret (RNG Artifact)
98/27,Myochin Kabuto (SAM Artifact)
98/28,Ninja Hatsuburi (NIN Artifact)
98/29,Drachen Armet (DRG Artifact)
98/30,Evoker's Horn (SMN Artifact)
157/57,Magus Keffiyeh (BLU Artifact)
160/91,Corsair's Tricorne (COR Artifact)
163/91,Puppetry Taj (PUP Artifact)
189/19,Dancer's Tiara (DNC Artifact)
189/20,Scholar's Mortarboard (SCH Artifact)
119/93,Coeurl Mask
119/94,Adaman Barbuta
119/95,Coral Cap
119/96,Noble's Crown
119/97,Celata
119/98,Arhat's Jinpachi
119/99,Dragon Mask
123/117,Rasetsu Jinpachi
123/118,Crimson Mask
123/119,Adaman Celata
123/120,Ogre Mask
123/121,Koenig Schaller
125/36,War Beret
125/78,Pumpkin Head
125/79,Roshi Jinpachi
125/80,Genbu's Kabuto
125/81,Hecatomb Cap
125/82,Errant Hat
128/99,Tiger Mask
128/100,Wyvern Helm
128/101,Demon Helm
128/102,Shura Zunari Kabuto
128/103,Zenith Crown
128/104,Carapace Helm
128/105,Dusk Mask
128/106,Dragon Cap
131/12,Warrior's Mask (WAR Relic)
131/13,Melee Crown (MNK Relic)
131/14,Cleric's Cap (WHM Relic)
131/15,Sorcerer's Petasos (BLM Relic)
131/16,Duelist's Chapeau (RDM Relic)
131/17,Assassin's Bonnet (THF Relic)
131/18,Valor Coronet (PLD Relic)
131/19,Abyss Burgeonet (DRK Relic)
131/20,Monster Helm (BST Relic)
131/21,Bard's Roundlet (BRD Relic)
131/22,Scout's Beret (RNG Relic)
131/23,Saotome Kabuto (SAM Relic)
131/24,Koga Hatsuburi (NIN Relic)
131/25,Wyrm Armet (DRG Relic)
131/26,Summoner's Horn (SMN Relic)
212/33,Mirage Keffiyeh (BLU Relic)
214/20,Commodore Tricorne (COR Relic)
212/34,Pantin Taj (PUP Relic)
217/110,Etoile Tiara (DNC Relic)
217/67,Argute Mortarboard (SCH Relic)
131/27,Scorpion Helm
131/28,Austere Hat
136/81,Panther Mask
136/82,Opo-opo Crown
136/83,Magnifying Specs.
136/84,Protective Specs.
136/85,Chef's Hat
136/86,Shaded Specs.
143/75,Garish Crown
143/76,Seer's Crown
143/77,Hydra Beret
143/78,Noct Beret 
145/79,Hydra Tiara
145/80,Shade Tiara
145/81,Bison Warbonnet
145/82,Sha'ir Turban
146/35,Barone Zucchetto
146/74,Igqira Tiara
148/8,Eisenschaller
148/124,Lord's Armet
149/108,Dream Hat
150/18,Hachiman Jinpachi
151/37,Wise Cap
152/62,Orc Helm
152/63,Yagudo Headgear
152/51,Goblin Coif
152/64,Quadav Barbut
153/8,Unicorn Cap
153/45,Trader's Chapeau
154/49,Alumine Salade
154/112,Black Sallet
155/61,Maat's Cap
155/62,Mandragora Beret
155/63,Guide Beret
156/87,Stars Cap
156/103,Laurel Crown
157/75,Nashira Turban
158/10,Homam Zucchetto
158/81,Trader's Chapeau (Black)
158/116,Crow Beret
153/86,Hydra Salade
160/56,Hydra Cap
161/19,Sipahi Turban
161/21,Jaridah Khud
161/20,Amir Puggaree
165/28,Pahluwan Qalansuwa
164/101,Yigit Turban
164/100,Volunteer's Armor
170/98,Witch Hat
174/29,Ares's Mask
174/30,Skadi's Visor
174/49,Usukane Somen
174/50,Marduk's Tiara
174/51,Morrigan's Coronal
182/0,Egg Helm
182/67,Goliard Chapeau
181/127,Denali Bonnet
182/66,Askar Zucchetto
185/80,Shadow Helm
185/81,Shadow Hat
185/79,Valhalla Helm
186/107,Glory Crown
186/108,Moogle Cap
186/109,Nomad Cap
187/58,Dandy Specs.
187/112,Mamool Ja Helm
187/113,Lamia Garland
187/114,Troll Coif
187/115,Qiqirn Hood
199/43,Cobra Unit Cap
200/72,Cobra Unit Cloche
201/13,Iron Ram Sallet
196/109,Fourth Division Haube
197/84,Bastokan Campaign Armor (Unobtainable)
201/14,Sol Cap
201/15,Lunar Cap
209/125,Viking Helm
218/124,Eyepatch
220/1,Spelunker's Helm
223/60,Jester's Cap
224/38,Champion's Galea
224/56,Anwing Salade
224/39,Selenian Cap
225/35,Snow Bunny Hat
235/3,Ebon Celata
235/4,Furia Celata
235/5,Ebur Celata
235/6,Ebon Helm
235/7,Furia Helm
235/8,Ebur Helm
235/9,Ebon Galea
235/10,Furia Galea
235/11,Ebur Galea
235/12,Ebon Armet
235/13,Furia Armet
235/14,Ebur Armet
227/47,Ebon Mask
227/48,Furia Mask
227/49,Ebur Mask
227/50,Ebon Visor
227/51,Furia Visor
227/52,Ebur Visor
227/53,Shikkoku Hatsuburi
227/54,Shinku Hatsuburi
227/55,Ginhaku Hatsuburi
227/56,Ebon Headgear
229/98,Furia Headgear
229/99,Ebur Headgear
231/77,Ebon Tam
231/78,Furia Tam
231/79,Ebur Tam
231/80,Ebon Hat
231/81,Furia Hat
231/82,Ebur Hat
231/83,Ebon Caubeen
231/84,Furia Caubeen
231/85,Ebur Caubeen
231/86,Ebon Beret
231/87,Furia Beret
231/88,Ebur Beret
238/99,Chocobo Beret
238/106,Nocturnus Helm
239/39,Purple Chapeau
247/57,Hero's Galea
247/58,Tokon Hachimaki
220/62,Perle Salade
220/63,Teal Chapeau
220/64,Aurore Beret
240/66,Goetia Petasos (BLM Empyrean)
240/67,Creed Armet (PLD Empyrean)
243/115,Ravager's Mask (WAR Empyrean)
243/116,Estoqueur's Chappel (RDM Empyrean)
250/94,Tantra Crown (MNK Empyrean)
250/95,Raider's Bonnet (THF Empyrean)
250/96,Bale Burgeonet (DRK Empyrean)
250/97,Ferine Cabasset (BST Empyrean)
250/98,Aoidos' Calot (BRD Empyrean)
250/99,Unkai Kabuto (SAM Empyrean)
250/100,Iga Zukin (NIN Empyrean)
250/101,Lancer's Mezail (DRG Empyrean)
250/102,Mavi Kavuk (BLU Empyrean)
250/103,Navarch's Tricorne (COR Empyrean)
250/104,Cirque Capello (PUP Empyrean)
250/105,Savant's Bonnet (SCH Empyrean)
254/18,Orison Cap (WHM Empyrean)
254/74,Charis Tiara (DNC Empyrean)
255/11,Sylvan Gapette (RNG Empyrean)
255/12,Caller's Horn (SMN Empyrean)
261/66,Twilight Helm
262/115,Cuauhtli Headpiece
263/0,Hyksos Khat
263/9,Fazheluo Helm
263/119,Destrier Beret
264/21,Charity Cap - Tohoku Earthquake Crysta Relief Fund
265/121,Ocelomeh Headpiece
265/122,Nefer Khat
265/123,Mekira-oto
268/13,Kheper Bonnet
268/14,Paean Mitra
270/63,Smilodon Mask
270/64,Gallian Helm
270/65,Brego Helm
270/66,Snowman Cap
271/27,Ogier's Helm
271/28,Athos's Chapeau
271/29,Rubeus Bandeau
271/30,Praeco Beret
277/27,Drachenhorn
277/28,Hyaline Hat
277/45,Auspex Coif
277/46,Hrafn Coronet
277/47,Tenryu Somen
282/6,Decennial Crown
282/32,Dux Visor
282/33,Chelona Hat
286/14,Moogle Masque
287/65,Ahriman Cap
286/85,Geomancy Galero (GEO Artifact)
292/22,Runeist Bandeau (RUN Artifact)
290/31,Karieyh Morion
290/32,Thurandaut Chapeau
290/33,Orvail Corona
290/34,Mirth Masquette
292/23,Xux / Nahtirah Hat
292/24,Chocaliztli / Whirlpool
292/25,Quauhpilli / Yaoyotl
300/104,Mikinaak Helm
300/105,Manibozho Beret
300/106,Bokwus Circlet
304/8,Uk'uxkaj Cap
304/9,Buremte Hat
304/10,Chocobo Masque
304/114,Bagua Galero (GEO Relic)
305/26,Futhark Bandeau (RUN Relic)
305/27,Gorney Morion
305/28,Shneddick Chapeau
305/29,Weatherspoon Corona
308/77,Quiahuiz Helm
310/56,Slime Cap
310/57,Straw Hat
312/14,Qaaxo Mask
312/15,Artsieq Hat
312/16,Xaddi Headgear
313/117,She-Slime Hat
313/118,Metal Slime Hat
314/105,Worm Masque
315/48,Erilaz Galea (RUN Empyrean)
315/49,Gobbie Masque
315/50,G. Moogle Masque
318/105,Morbol Cap
320/81,Gavialis Helm
321/84,Mandragora Masque
321/85,Lycopodium Masque
321/86,Flan Masque
324/98,Cait Sith Cap
325/101,Sheep Cap
326/72,Leafkin Cap
326/117,Azimuth Hood (GEO Empyrean)
326/118,Befouled Crown
326/119,Rabbit Cap
326/120,Shobuhouou Kabuto
328/88,Volto Oscuro's Mask
328/89,Despair Helm
328/90,Pursuer's Beret
328/91,Psycloth Tiara
328/92,Eschite Helm
328/93,Rawhide Mask
328/94,Naga Somen
328/95,Vanya Hood
328/96,Behemoth Masque
333/22,Skormoth Masque
335/95,Founder's Corona
335/96,Jumalik Helm
335/97,Buffalo Hat
335/98,Carbie Cap
335/99,Agent Hood
338/121,Terminal Helm
343/33,Odyssean Helm
343/34,Valorus Mask
343/35,Pachypodium Masque
343/36,Korrigan Masque
343/37,Gazer's Helmet
343/38,Curmudgeon's Helmet
343/39,Retching Helmet
346/10,Merlinic Hood
347/24,Wyrmking Masque
348/45,Chironic Hat
349/37,Herculean Helm
351/86,Rarab Cap
351/87,Snoll Masque
307/65,Bomb Masque
352/14,Crab Cap
352/121,Kakai Cap
353/40,Black Chocobo Cap
353/66,Arthro Cap
353/74,White Rarab Cap
357/96,Royal Chocobo Beret
358/25,Karakul Cap
361/94,Cath Palug Crown
362/28,Malignance Chapeau
362/99,Byakko Masque
,Arrogance Crown
,Apathy Mask
382/35,Cowardice Petasos
382/70,Envy Crown
