282/121,Cape Teriggan
282/122,Eastern Altepa Desert
282/123,The Sanctuary of Zi'Tah
282/124,Ro'Maeve
282/125,Yuhtunga Jungle
282/126,Yhoator Jungle
282/127,Western Altepa Desert
283/0,Valley of Sorrows
283/1,Ru'Aun Gardens
283/2-5,The Boyahda Tree
283/6,Dragon's Aery
283/7-10,Temple of Uggalepih
283/11-19,Den of Rancor
283/20,Toraimarai Canal
283/21-25,Korroloka Tunnel
283/26-29,Kuftal Tunnel
283/30-34,Sea Serpent Grotto
283/35-43,Ve'Lugannon Palace
283/44-49,The Shrine of Ru'Avitau
283/50-57;72,Ifrit's Cauldron
283/58-63;73-74,Quicksand Caves
283/64-65,Gustav Tunnel
283/66,Labyrinth of Onzozo
283/67,Airship: Kazham-Jeuno
283/68,Rabao
283/69,Kazham
283/70,Hall of the Gods
283/71,Norg
283/75;284/2,Phanauet Channel
283/76,Bibiki Bay
283/77,Bibiki Bay -Purgonorgo Isle-
283/78,Uleguerand Range
283/79,Attohwa Chasm
283/80-95,Pso'Xja
283/96,Oldton Movalpolos
283/97,Newton Movalpolos
283/98,Hall of Transference (Holla)
283/99,Hall of Transference (Dem)
283/100,Hall of Transference (Mea)
283/101,Promyvion - Holla
283/102,Promyvion - Dem
283/103,Promyvion - Mea
283/104,Promyvion - Vahzl
283/105,Lufaise Meadows
283/106,Misareaux Coast
283/107-109,Tavnazian Safehold
283/110-111;125,Phomiuna Aqueducts
283/112-113,Sacrarium
283/114-115,Riverne - Site #B01
283/116-117,Riverne - Site #A01
283/118,Al'Taieu
283/119-124,The Garden of Ru'Hmet
283/126,Sealion's Den
283/127,Grand Palace of Hu'Xzoi
284/0-1,Carpenters' Landing
284/3,Manaclipper
284/4,Diorama Abdhaljs-Ghelsba
284/5-6,Abdhaljs Isle-Purgonorgo
284/15-16,Open Sea Route: Mhaura-Al Zahbi
284/17,Al Zahbi
284/18,Aht Urhgan Whitegate
284/19,Wajaom Woodlands
284/20-21,Bhaflau Thickets
284/22,Nashmau
284/23-25;118-125,Arrapago Reef
284/26-35,Ilrusi Atoll
284/36-45,Periqia
284/46-47,Silver Sea Route: Al Zahbi-Nashmau
284/48,Mount Zhayolm
284/49-50;127;285/7,Halvung
284/51-60,Lebros Cavern
284/61-62;126,Mamook
284/63-72,Mamool Ja Training Grounds
284/73-79,Aydeewa Subterrane
284/80-89,Leujaoam Sanctum
284/90-96,Chocobo Circuit
284/97-98,The Colosseum
284/99-103;285/0-6,Alzadaal Undersea Ruins
284/104-111,Nyzul Isle
284/114-117,Caedarva Mire
285/8-14,Zhayolm Remnants
285/15-21,Arrapago Remnants
285/22-26,Bhaflau Remnants
285/27-31,Silver Sea Remnants
285/32,Southern San d'Oria (S)
285/33,East Ronfaure (S)
285/34,Jugner Forest (S)
285/35,Vunkerl Inlet (S)
285/36,Batallia Downs (S)
285/37,Davoi (S)
285/39,Bastok Markets (S)
285/40,North Gustaberg (S)
285/41,Grauberg (S)
285/42,Pashhow Marshlands (S)
285/43,Rolanberry Fields (S)
285/44-45,Beadeaux (S)
285/48-49,Windurst Waters (S)
285/50,West Sarutabaruta (S)
285/51-52,Fort Karugo-Narugo (S)
285/53,Meriphataud Mountains (S)
285/54,Sauromugue Champaign (S)
285/55-60,Castle Oztroja (S)
285/63,Beaucedine Glacier (S)
285/64,Xarcabard (S)
285/65-68,Castle Zvahl Baileys (S)
285/69-72,Castle Zvahl Keep (S)
285/73-76,Garlaige Citadel (S)
285/77-79,Crawlers' Nest (S)
285/80-82,The Eldieme Necropolis (S)
285/84-101,Everbloom Hollow
285/46-47;102-117,Ruhotz Silvermines
285/118-286/7,Ghoyu's Reverie
284/112-113;285/38;285/61-62;83,No Map