46/114,None
126/126,Pumpkin Head
138/16,Magnifying Specs.
138/17,Protective Specs.
138/18,Chef's Hat
138/19,Shaded Specs.
149/112,Dream Hat
155/74,Mandragora Beret
155/75,Guide Beret
156/91,Stars Cap
156/107,Laurel Crown
170/114,Witch Hat
182/24,Egg Helm
186/120,Moogle Cap
186/121,Nomad Cap
219/73,Eyepatch
220/5,Spelunker's Helm
223/64,Jester's Cap
225/79,Snow Bunny Hat
238/103,Chocobo Beret
263/125,Destrier Beret
264/53,Charity Cap - Tohoku Earthquake Crysta Relief Fund
270/94,Snowman Cap
282/18,Decennial Crown
282/19,Decennial Tiara
286/38,Moogle Masque (Male)
286/39,Moogle Masque (Female)
287/69,Ahriman Cap
290/114,Mirth Masquette
304/42,Chocobo Masque
310/84,Slime Cap
310/85,Straw Hat (Male)
310/86,Straw Hat (Female)
314/13,She-Slime Hat
314/14,Metal Slime Hat
314/109,Worm Masque
315/79,Gobbie Masque
315/80,G. Moogle Masque
318/109,Morbol Cap
321/100,Mandragora Masque
321/101,Lycopodium Masque
321/102,Flan Masque
322/120,Cait Sith Cap
325/105,Sheep Cap
326/76,Leafkin Cap
327/39,Rabbit Cap
327/40,Shobuhouou Kabuto
330/56,Cumulus Masque
330/64,Behemoth Masque
336/57,Buffalo Hat
335/58,Carbie Cap
336/59,Agent Hood
336/60,Starlet Flower
344/31,Pachypodium Masque
344/32,Korrigan Masque
344/33,Gazer's Helmet
344/34,Curmudgeon's Helmet
344/35,Retching Helmet
347/32,Wyrmking Masque
307/69,Bomb Masque
351/94,Rarab Cap
351/95,Snoll Masque
352/18,Crab Cap
352/125,Kakai Cap
353/48,Black Chocobo Cap
353/70,Arthro Cap
353/78,White Rarab Cap
357/108,Royal Chocobo Beret
358/49,Karakul Cap
362/119,Byakko Masque
,Arrogance Crown
,Apathy Mask
382/55,Cowardice Petasos
,Envy Crown

46/125,Bronze Cap
47/2,Circlet
46/115,Leather Bandana
46/116,Sallet
46/117,Shinobi Hachigane
46/118,Iron Mask
46/119,Lizard Helm
46/120,Raptor Helm
46/121,Zunari Kabuto
46/122,Royal Squire's Helm
46/123,Royal Knight's Bascinet
46/124,Padded Cap
46/126,Bone Mask
46/127,Hachimaki
47/0,Wool Hat
47/1,Tactician Magician's Hat
47/3,Headgear
47/4,Darksteel Armet
47/5,Red Cap
47/6,Green Beret
47/7,Iron Musketeer's Armet
47/8,Centurion's Visor
47/9,Gavial Mask
47/10,Faceguard
47/11,Mythril Sallet
47/12,Blue Ribbon
47/13,Purple Ribbon
47/14,Green Ribbon
47/15,Black Ribbon
47/16,Scarlet Ribbon
94/13,Fighter's Mask (WAR Artifact)
94/14,Temple Crown (MNK Artifact)
94/15,Healer's Cap (WHM Artifact)
94/16,Wizard's Petasos (BLM Artifact)
94/17,Warlock's Chapeau (RDM Artifact)
94/18,Rogue's Bonnet (THF Artifact)
96/59,Gallant Coronet (PLD Artifact)
96/60,Chaos Burgeonet (DRK Artifact)
96/61,Beast Helm (BST Artifact)
96/62,Choral Roundlet (BRD Artifact)
96/63,Hunter's Beret (RNG Artifact)
99/26,Myochin Kabuto (SAM Artifact)
99/27,Ninja Hatsuburi (NIN Artifact)
99/28,Drachen Armet (DRG Artifact)
99/29,Evoker's Horn (SMN Artifact)
157/99,Magus Keffiyeh (BLU Artifact)
163/43,Corsair's Tricorne (COR Artifact)
163/44,Puppetry Taj (PUP Artifact)
198/70,Dancer's Tiara (Male) (DNC Artifact)
198/71,Dancer's Tiara (Female) (DNC Artifact)
198/72,Scholar's Mortarboard (SCH Artifact)
121/17,Coeurl Mask
121/18,Adaman Barbuta
121/19,Coral Cap
121/20,Noble's Crown
121/21,Celata
121/22,Arhat's Jinpachi
121/23,Dragon Mask
124/89,Rasetsu Jinpachi
124/90,Crimson Mask
124/91,Adaman Celata
124/92,Ogre Mask
124/93,Koenig Schaller
125/56,War Beret
126/127,Roshi Jinpachi
127/0,Genbu's Kabuto
127/1,Hecatomb Cap
127/2,Errant Hat
129/91,Tiger Mask
129/92,Wyvern Helm
129/93,Demon Helm
129/94,Shura Zunari Kabuto
129/95,Zenith Crown
129/96,Carapace Helm
129/97,Dusk Mask
129/98,Dragon Cap
133/98,Warrior's Mask (WAR Relic)
133/99,Melee Crown (MNK Relic)
133/100,Cleric's Cap (WHM Relic)
133/101,Sorcerer's Petasos (BLM Relic)
133/102,Duelist's Chapeau (RDM Relic)
133/103,Assassin's Bonnet (THF Relic)
133/104,Valor Coronet (PLD Relic)
133/105,Abyss Burgeonet (DRK Relic)
133/106,Monster Helm (BST Relic)
133/107,Bard's Roundlet (BRD Relic)
133/108,Scout's Beret (RNG Relic)
133/109,Saotome Kabuto (SAM Relic)
133/110,Koga Hatsuburi (NIN Relic)
133/111,Wyrm Armet (DRG Relic)
133/112,Summoner's Horn (SMN Relic)
214/103,Mirage Keffiyeh (BLU Relic)
214/104,Commodore Tricorne (COR Relic)
214/105,Pantin Taj (PUP Relic)
218/2,Etoile Tiara (Male) (DNC Relic)
218/3,Etoile Tiara (Female) (DNC Relic)
217/91,Argute Mortarboard (SCH Relic)
133/113,Scorpion Helm
133/114,Austere Hat
133/115,Lilac Corsage
138/14,Panther Mask
138/15,Opo-opo Crown
144/91,Garish Crown
144/92,Seer's Crown
144/93,Hydra Beret
144/94,Noct Beret 
145/127,Hydra Tiara
146/0,Shade Tiara
146/1,Bison Warbonnet
146/2,Sha'ir Turban
146/55,Barone Zucchetto
146/94,Igqira Tiara
148/28,Eisenschaller
149/44,Lord's Armet
150/66,Hachiman Jinpachi
151/57,Wise Cap
152/74,Orc Helm
152/75,Yagudo Headgear
152/55,Goblin Coif
152/76,Quadav Barbut
153/28,Unicorn Cap
153/65,Trader's Chapeau
154/74,Alumine Salade
155/4,Black Sallet
155/73,Maat's Cap
157/100,Nashira Turban
158/42,Homam Zucchetto
158/101,Trader's Chapeau (Black)
159/8,Crow Beret
154/2,Hydra Moufles
160/76,Hydra Cap
163/45,Sipahi Turban
163/46,Jaridah Khud
166/40,Amir Puggaree
166/41,Pahluwan Qalansuwa
166/42,Yigit Turban
174/96,Ares's Mask
174/97,Skadi's Visor
176/1,Usukane Somen
176/2,Marduk's Tiara
176/3,Morrigan's Coronal
183/3,Goliard Chapeau
182/23,Denali Bonnet
183/2,Askar Zuccetto
185/105,Shadow Helm
186/13,Shadow Hat
186/12,Valhalla Helm
186/119,Glory Crown
187/62,Dandy Specs.
188/0,Mamool Ja Helm
188/1,Lamia Garland
188/2,Troll Coif
188/3,Qiqirn Hood
199/63,Cobra Unit Cap
196/92,Cobra Unit Cloche
201/35,Iron Ram Sallet
199/7,Fourth Division Haube
199/6,Bastokan Campaign Armor (Unobtainable)
201/36,Sol Cap
201/37,Lunar Cap
210/53,Varangian Helm
224/46,Champion's Galea
224/60,Anwing Salade
224/47,Selenian Cap
236/115,Ebon Celata
236/116,Furia Celata
236/117,Ebur Celata
236/118,Ebon Helm
236/119,Furia Helm
236/120,Ebur Helm
236/121,Ebon Galea
236/122,Furia Galea
236/123,Ebur Galea
236/124,Ebon Armet
236/125,Furia Armet
236/126,Ebur Armet
228/123,Ebon Mask
228/124,Furia Mask
228/125,Ebur Mask
228/126,Ebon Visor
228/127,Furia Visor
229/0,Ebur Visor
229/1,Shikkoku Hatsuburi
229/2,Shinku Hatsuburi
229/3,Ginhaku Hatsuburi
229/4,Ebon Headgear
230/10,Furia Headgear
230/11,Ebur Headgear
233/61,Ebon Tam
233/62,Furia Tam
233/63,Ebur Tam
233/64,Ebon Hat
233/65,Furia Hat
233/66,Ebur Hat
233/67,Ebon Caubeen
233/68,Furia Caubeen
233/69,Ebur Caubeen
233/70,Ebon Beret
233/71,Furia Beret
233/72,Ebur Beret
238/126,Nocturnus Helm
248/58,Hero's Galea
248/59,Tokon Hachimaki
248/60,Perle Salade
248/61,Teal Chapeau
248/62,Aurore Beret
241/44,Goetia Petasos (BLM Empyrean)
241/45,Creed Armet (PLD Empyrean)
244/27,Ravager's Mask (WAR Empyrean)
244/28,Estoqueur's Chappel (RDM Empyrean)
252/78,Tantra Crown (MNK Empyrean)
252/79,Raider's Bonnet (THF Empyrean)
252/80,Bale Burgeonet (DRK Empyrean)
252/81,Ferine Cabasset (BST Empyrean)
252/82,Aoidos' Calot (BRD Empyrean)
252/83,Unkai Kabuto (SAM Empyrean)
252/84,Iga Zukin (NIN Empyrean)
252/85,Lancer's Mezail (DRG Empyrean)
252/86,Mavi Kavuk (BLU Empyrean)
252/87,Navarch's Tricorne (COR Empyrean)
252/88,Cirque Capello (PUP Empyrean)
252/89,Savant's Bonnet (Male) (SCH Empyrean)
252/90,Savant's Bonnet (Female) (SCH Empyrean)
254/38,Orison Cap (WHM Empyrean)
254/94,Charis Tiara (Male) (DNC Empyrean)
254/95,Charis Tiara (Female) (DNC Empyrean)
256/57,Sylvan Gapette (RNG Empyrean)
256/58,Caller's Horn (SMN Empyrean)
261/82,Twilight Helm
263/23,Cuauhtli Headpiece
263/24,Fazheluo Helm
263/63,Hyksos Khat
266/21,Ocelomeh Headpiece
266/22,Nefer Khat
266/23,Mekira-oto
270/91,Smilodon Mask
270/92,Gallian Helm
270/93,Brego Helm
271/103,Ogier's Helm
271/104,Athos's Chapeau
271/105,Rubeus Bandeau
271/106,Praeco Beret
277/35,Drachenhorn
277/36,Hyaline Hat
278/11,Kheper Bonnet
278/12,Paean Mitra
278/13,Auspex Coif
278/14,Hrafn Coronet
278/15,Tenryu Somen
282/72,Dux Visor
282/73,Chelona Hat
291/94,Geomancy Galero (Male) (GEO Artifact)
291/95,Geomancy Galero (Female) (GEO Relic)
292/66,Runeist Bandeau (RUN Artifact)
290/111,Karieyh Morion
290/112,Thurandaut Chapeau
290/113,Orvail Corona
292/67,Xux / Nahtirah Hat
292/68,Chocaliztli / Whirlpool
292/69,Quauhpilli / Yaoyotl
301/36,Mikinaak Helm
301/37,Manibozho Beret
301/38,Bokwus Circlet
304/40,Uk'uxkaj Cap
304/41,Buremte Hat
305/6,Bagua Galero (Male) (GEO Relic)
305/7,Bagua Galero (Female) (GEO Relic)
305/106,Futhark Bandeau (RUN Relic)
305/107,Gorney Morion
305/108,Shneddick Chapeau
305/109,Weatherspoon Corona 
308/85,Quiahuiz Helm
312/74,Qaaxo Mask
312/75,Artsieq Hat
312/76,Xaddi Headgear
315/78,Erilaz Galea (RUN Empyrean)
320/89,Gavialis Helm
327/37,Azimuth Hood (GEO Empyrean)
327/38,Befouled Crown
330/57,Despair Helm
330/58,Pursuer's Beret
330/59,Psycloth Tiara
330/60,Eschite Helm
330/61,Rawhide Mask
330/62,Naga Somen
330/63,Vanya Hood
333/26,Skormoth Mask
336/55,Founder's Corona
336/56,Jumalik Helm
339/9,Terminal Helm
344/29,Odyssean Helm
344/30,Valorus Mask
346/30,Merlinic Hood
348/65,Chironic Hat
349/57,Herculean Helm (Male)
349/58,Herculean Helm (Female)
361/102,Cath Palug Crown
362/56,Malignance Chapeau
